{
    "baseball_1": {
        "data_path": "sample_data/images/baseball_1.png",
        "annotation": {
            "width": 401,
            "height": 400,
            "det_scores": [
                0.6489412188529968,
                0.48793500661849976,
                0.48695623874664307,
                0.060238905251026154
            ],
            "labels": [
                "batter",
                "bat",
                "ball",
                "baseball uniform"
            ],
            "bboxes": [
                [
                    5,
                    54,
                    266,
                    355
                ],
                [
                    203,
                    121,
                    348,
                    212
                ],
                [
                    366,
                    176,
                    389,
                    198
                ],
                [
                    48,
                    55,
                    155,
                    180
                ]
            ]
        },
        "source": null
    },
    "baseball_2": {
        "data_path": "sample_data/images/baseball_2.png",
        "annotation": {
            "width": 770,
            "height": 506,
            "det_scores": [
                0.8059051632881165,
                0.7951599359512329,
                0.5870567560195923,
                0.36492782831192017,
                0.09571252763271332,
                0.06006845086812973,
                0.05318228527903557,
                0.05061973258852959
            ],
            "labels": [
                "catcher",
                "batter",
                "bat",
                "game",
                "baseball glove",
                "ball",
                "catcher",
                "ball"
            ],
            "bboxes": [
                [
                    558,
                    185,
                    770,
                    491
                ],
                [
                    244,
                    55,
                    460,
                    494
                ],
                [
                    338,
                    17,
                    434,
                    214
                ],
                [
                    145,
                    14,
                    720,
                    490
                ],
                [
                    606,
                    380,
                    679,
                    428
                ],
                [
                    603,
                    447,
                    631,
                    484
                ],
                [
                    558,
                    358,
                    769,
                    490
                ],
                [
                    559,
                    366,
                    611,
                    427
                ]
            ]
        },
        "source": null
    }
}